variavel,type,isFraud,total,quantidade_zeros,percentual_zeros
amount,CASH_OUT,0,2233384,0,0.0
amount,CASH_OUT,1,4116,16,0.3887269193391642
amount,TRANSFER,0,528812,0,0.0
amount,TRANSFER,1,4097,0,0.0
oldbalanceOrg,CASH_OUT,0,2233384,1025762,45.92859982878
oldbalanceOrg,CASH_OUT,1,4116,37,0.8989310009718173
oldbalanceOrg,TRANSFER,0,528812,282779,53.47439165525745
oldbalanceOrg,TRANSFER,1,4097,4,0.0976324139614352
oldbalanceDest,CASH_OUT,0,2233384,322928,14.4591346584376
oldbalanceDest,CASH_OUT,1,4116,1259,30.587949465500486
oldbalanceDest,TRANSFER,0,528812,61041,11.543043652564617
oldbalanceDest,TRANSFER,1,4097,4092,99.8779594825482
