step,type,amount,oldbalanceOrg,oldbalanceDest,isFraud
212,CASH_OUT,0.0,0.0,0.0,1
250,CASH_OUT,0.0,0.0,0.0,1
279,CASH_OUT,0.0,0.0,538547.6,1
387,CASH_OUT,0.0,0.0,7.9707665e+06,1
425,CASH_OUT,0.0,0.0,76759.9,1
425,CASH_OUT,0.0,0.0,2.9215312e+06,1
554,CASH_OUT,0.0,0.0,230289.66,1
586,CASH_OUT,0.0,0.0,1.3284729e+06,1
617,CASH_OUT,0.0,0.0,0.0,1
646,CASH_OUT,0.0,0.0,0.0,1
646,CASH_OUT,0.0,0.0,0.0,1
671,CASH_OUT,0.0,0.0,27938.72,1
702,CASH_OUT,0.0,0.0,107777.02,1
730,CASH_OUT,0.0,0.0,1.0086095e+06,1
730,CASH_OUT,0.0,0.0,0.0,1
741,CASH_OUT,0.0,0.0,267522.88,1
